trace_id,source_id,source_type,category,priority,technical_details,suggested_title
194b0905-740d-41b6-8c5f-218a9159e2e8,,email,Bug,High,"Validation Result: Invalid

Improvement Suggestions: 
1. **Correct Category**: The category of ""Bug"" is overall appropriate since it highlights an issue with the reporting process itself. However, it may be better classified as an ""Improvement"" since it addresses a procedural gap rather than a specific bug in the product.
2. **Logical Priority**: The priority of ""Low"" seems reasonable given that this is about documentation rather than an immediate functional problem. However, consider marking it as ""Medium"" to prompt quicker resolution, as incomplete bug reports can lead to delays in addressing actual issues.
3. **Clear and Complete Technical Details**: The ticket lacks crucial information. Specifically, the ""Severity"" of the issue should be defined as it helps prioritize the resolution. The ""Expected Behavior"" and ""Actual Behavior"" fields are also empty, making it unclear what should be done to remedy the situation.
4. **Actionable Ticket Title**: The title could be more actionable. Consider revising it to ""Improvement Needed: Define Clear Reporting Guidelines for Bug Reports.""

Here is the revised ticket:

Title: Improvement Needed: Define Clear Reporting Guidelines for Bug Reports

Category: Improvement  
Priority: Medium  

Technical Details:  
- Issue Summary: No bug report content provided.  
- Steps to Reproduce: No steps provided.  
- Platform/Device Details: No details provided.  
- Severity: Not specified.  
- Expected Behavior: Detailed bug reports should include issue description, steps to reproduce, platform details, severity, and a clear outline of expected and actual behavior.  
- Actual Behavior: The current report does not include these essential details.  

Additional Notes: This ticket is generated to address the lack of information and prompt for detailed reporting in the future.",No Title Available
da312d9f-5952-47a3-a421-9c9bfd1307bb,,email,Feature,Medium,"**Validation Result: Invalid**

**Improvement Suggestions:**
1. **Correct Category:** The title suggests a need for a feature request but does not provide a specific feature request. The category should be more aligned with a ""Documentation Improvement"" or ""Process Improvement"" rather than a ""Feature Request,"" as it requests detailed specifications rather than outlining a feature.
  
2. **Logical Priority:** The priority of ""Medium"" seems inappropriate without a specific feature to evaluate. It could be marked as ""Low"" since it pertains to process improvement rather than user-driven demand for a specific feature.

3. **Clear and Complete Technical Details:** The technical details section lacks clarity and completeness. Instead of stating there are no details available, it should provide guidance on how users can submit proper feature requests or what specific information is required.

4. **Actionable Ticket Title:** The title could be clearer. A better title would be ""Request for Improved Submission Guidelines for Feature Proposals."" This clearly indicates the action needed.

**Revised Ticket:**
**Title:** Request for Improved Submission Guidelines for Feature Proposals

**Category:** Process Improvement

**Priority:** Low

**Technical details:** To enhance the evaluation process of new features, we encourage users to submit clear and detailed feature proposals. Including user benefits, specific functionality, and potential impact levels (Low, Medium, High) will enable better assessment and prioritization of requests. Please revise the submission process to guide users on providing structured feature requests. 

**Final Response:** The ticket contains critical feedback for user submissions but requires reclassification and enhanced description for clarity and effectiveness.",No Title Available
f90d4e2e-259e-43bf-8ca4-ea73341a282c,,email,Bug,High,"Validation Result: Invalid

Improvement Suggestions:
1. **Issue Summary**: Provide a brief description of the feedback intended, even if it is just to state that no issue was reported. This ensures that the context of the feedback is clear.
2. **Steps to Reproduce**: Since there are no issues reported, this section can be omitted or should mention that there are no steps because no problem was identified.
3. **Platform/Device Details**: If applicable, provide the context of where the feedback is relevant (e.g., website, app, version number).
4. **Severity**: N/A should be replaced with a clear statement that there is no severity since there is no reported issue.
5. **Expected Behavior and Actual Behavior**: Similar to severity, these can state that there is none since no feedback on behavior was provided.

Revised Ticket:
----------
Title: Feedback Requested: No Issue Reported

Category: Feedback

Priority: Low

Technical Details: 
- Issue Summary: No issue reported; clarification needed on the feedback requested.
- Steps to Reproduce: None; there is no issue to reproduce.
- Platform/Device Details: Specify applicable platform/device for future reference (if any).
- Severity: Not applicable as no issue is reported.
- Expected Behavior: Not applicable as there is no feedback on behavior.
- Actual Behavior: Not applicable as there is no feedback on behavior.

Comment: Clarification needed on the feedback received. No actionable feedback was provided from the user. Recommended follow-up for more details.
----------",No Title Available
34bbaedd-01ec-4e5c-a19a-d9edca8b246f,1,app_store,Bug,High,"**Validation Result:** Invalid

**Improvement Suggestions:**
1. **Actionable Ticket Title**: The title could be more specific to reflect the action required, such as ""Crash on Login - Android 12 - Samsung Galaxy S21"".
2. **Technical Details Redundancy**: The “Issue Summary,” “Steps to Reproduce,” “Expected Behavior,” and “Actual Behavior” sections are repeated from the main ticket description. This leads to redundancy. They should only appear once for clarity.
3. **Category Verification**: The category ""Bug"" is appropriate, but further categorization under ""Crash"" or ""Login Issue"" could provide more context.
4. **Logical Priority Confirmation**: The priority is marked as high, which seems appropriate given the nature of the crash; however, additional context on user impact or frequency could strengthen this prioritization.

Here is the revised content with suggested improvements:

---
**Title:** Crash on Login - Android 12 - Samsung Galaxy S21

**Category:** Bug  

**Priority:** High  

**Technical Details:**  
**Steps to Reproduce:**  
1. Launch the application on the device.  
2. Navigate to the login screen.  
3. Enter valid credentials (username and password).  
4. Click the ""Login"" button.

**Expected Behavior:**  
The app should successfully authenticate the user and redirect to the home screen without any crashes.

**Actual Behavior:**  
Upon clicking the ""Login"" button, the app closes unexpectedly and displays no error message, resulting in a crash.

**Platform/Device Details:**  
- Operating System: Android 12  
- Device Model: Samsung Galaxy S21  
- App Version: 2.3.1  

**Severity:** High",App crashes when I login
941c5d88-12b6-490d-ab74-b6591d882e8f,2,app_store,Feature,Medium,"**Validation Result: Invalid**

**Improvement Suggestions:**
1. **Actionable Ticket Title:** The title should be more specific to indicate urgency or actionability, such as ""Urgent Feature Request: Implement User-Accessible Dark Mode in Application for Enhanced Usability.""
   
2. **Technical Details Completeness:** 
   - Include specific implementation details regarding the target platforms or devices (e.g., iOS, Android, Web) to provide clarity.
   - Add acceptance criteria or success metrics for this feature to evaluate its implementation better. For example, ""Users should be able to toggle dark mode on/off within 2 taps in the settings menu.""
   
3. **Category Consistency:** The category is correctly classified as a ""Feature Request,"" which is appropriate; however, it could specify whether it's a ""UI/UX Feature Request"" to enhance clarity.

4. **Logical Priority Justification:** Although the priority is labeled as high, it could be more justified by including data or feedback from users that indicates the need for this feature, increasing its validity further.

**Here is the improved ticket content:**

---

**Title:** Urgent Feature Request: Implement User-Accessible Dark Mode in Application for Enhanced Usability

**Category:** UI/UX Feature Request

**Priority:** High

**Technical Details:**
- **Feature Description:** Implement a dark mode option in the application, allowing users to switch the interface to a darker color scheme for improved visibility and reduced eye strain, especially in low-light environments.
- **Accessibility:** The dark mode should be easily accessible via the settings menu and allow users to toggle between light and dark themes seamlessly.
- **Platform Target:** Implement dark mode functionality for iOS, Android, and web platforms.
- **User Benefit:** 
  - Enhances user comfort and reduces fatigue during prolonged usage, particularly in dimly lit conditions.
  - Provides a modern aesthetic that many users prefer, allowing for a more personalized experience.
  - Potentially saves battery life on devices with OLED screens by using less power to display black pixels.
- **Success Metrics:** Users should be able to toggle dark mode on/off within 2 taps in the settings menu. Measure user satisfaction through surveys post-implementation to assess the impact of this feature.
- **Demand:** High demand, as many users express a strong preference for dark mode in applications; its inclusion is becoming a standard feature in software, resulting in higher user satisfaction and retention rates.

---",Please add dark mode
9eee03f0-5083-4d34-a563-35cf561a7c9c,1,app_store,Bug,High,"**Validation Result:** Invalid

**Improvement Suggestions:**  
1. **Platform/Device Details:** The fields for ""Application Version,"" ""Device Type,"" ""Operating System,"" and ""Network Status"" need to have actual values filled in rather than placeholders. This information is critical for reproducing the issue accurately.
   
2. **Technical Details:** The ""Technical Details"" section is redundant as all this information has already been provided in the previous sections. It can be removed to streamline the ticket.

3. **Actionable Title:** The title is clear but could be more specific. Consider including the severity in the title, e.g., ""High Severity Bug: App crashes when attempting to login.""

4. **Clarity of Steps and Behavior:** While the ""Steps to Reproduce"" and behaviors are described well, clarifying how the crash manifests (e.g., error messages, crash logs, etc.) could be beneficial for the development team.

---

**Revised Ticket Content:**

**Title:** High Severity Bug: App crashes when attempting to login

**Category:** Bug

**Priority:** High

**Technical Details:**
- **Issue Summary:** App crashes when attempting to login.
- **Steps to Reproduce:**  
  1. Launch the application on the device.  
  2. Navigate to the login screen.  
  3. Enter valid user credentials (username and password).  
  4. Tap on the 'Login' button.  
  5. Observe the application behavior.
  
- **Platform/Device Details:**  
  - Application Version: [Actual version required]  
  - Device Type: [Actual device type required]  
  - Operating System: [Actual OS version required]  
  - Network Status: [Actual network status required]

- **Expected Behavior:** The application should log the user in successfully and redirect them to the homepage/dashboard without any issues.

- **Actual Behavior:** The application crashes immediately after tapping the 'Login' button, resulting in the user being unable to log in.",App crashes when I login
7eb8d2b6-4eeb-4f98-9448-3eef1f504b96,2,app_store,Feature,Medium,"**Validation Result:** Invalid

**Improvement Suggestions:**
1. **Correct Category:** The category ""Feature Request"" is appropriate; it correctly identifies the ticket as a request for a new feature.
  
2. **Logical Priority:** The priority level ""Medium"" aligns with the potential impact described in the context. This should remain unchanged.

3. **Clear and Complete Technical Details:** 
   - The technical details provided are generally comprehensive but should specify the technologies or frameworks used in the application. For example, mention the specific frontend technologies (e.g., React, Angular) if relevant.
   - Include any necessary considerations for accessibility standards that should be adhered to while implementing the dark mode.

4. **Actionable Ticket Title:** The ticket title is generally clear but can be made more actionable by specifying ""Implementation of Dark Mode Option"" instead.

**Revised Ticket Content:**

**Title:** Implementation of Dark Mode Option for Application

**Category:** Feature Request

**Priority:** Medium

**Technical Details:** 
- Implement a dark mode toggle in the application's settings menu using [specify framework/technology].
- Ensure the option allows users to switch between light mode and dark mode easily.
- Adjust the application's color scheme to reduce brightness, using darker backgrounds and lighter text for improved readability.
- Conduct usability testing in low-light environments to validate user experience.
- Optimize the dark mode for devices with OLED screens to enhance battery conservation.
- Follow [specify relevant accessibility standards] to ensure compliance while implementing dark mode.
- Update documentation to include information about this feature and its accessibility benefits.",Please add dark mode
